Source,Target,Weight
庞统,孙乾,11
庞统,孔明,23
庞统,孙权,11
庞统,杨怀,38
庞统,刘封,21
庞统,黄忠,44
庞统,刘璋,55
庞统,魏延,60
庞统,曹操,29
庞统,周瑜,14
司马望,姜维,25
司马望,邓艾,31
蒋琬,马谡,17
蒋琬,杨仪,16
蒋琬,孟获,14
蒋琬,孔明,63
尹大目,曹爽,12
尹大目,司马懿,17
司马昭,曹髦,11
司马昭,马谡,13
司马昭,文钦,20
司马昭,孟达,14
司马昭,司马师,40
司马昭,诸葛,48
司马昭,廖化,13
司马昭,郭淮,18
司马昭,张翼,18
司马昭,孔明,12
司马昭,姜维,68
司马昭,邓艾,60
司马昭,太后,21
司马昭,夏侯霸,20
司马昭,贾充,47
司马昭,曹操,13
司马昭,司马懿,44
司马昭,司马,14
司马昭,王平,11
司马昭,徐质,17
宋宪,曹操,22
宋宪,侯成,46
宋宪,张飞,14
宋宪,魏续,44
宋宪,吕布,54
糜夫人,曹操,28
糜夫人,赵云,110
糜夫人,曹洪,24
糜夫人,张飞,13
曹植,许褚,15
曹植,曹操,40
曹植,曹丕,29
曹植,张飞,15
曹植,杨修,15
曹植,曹彰,14
张允,蔡夫人,11
张允,蔡瑁,28
张允,曹操,27
简雍,刘表,21
简雍,赵云,31
简雍,曹操,54
简雍,孔明,15
简雍,孙乾,37
简雍,高顺,13
简雍,糜芳,24
简雍,糜竺,41
简雍,袁绍,38
简雍,张飞,30
简雍,刘辟,12
简雍,吕布,11
太后,曹爽,12
太后,司马师,55
太后,司马昭,21
太后,诸葛,19
太后,唐妃,16
太后,杨仪,12
太后,董太后,15
太后,袁绍,24
太后,何太后,21
太后,司马孚,11
太后,曹操,20
太后,张让,20
太后,李儒,16
太史慈,刘繇,145
太史慈,程普,72
太史慈,曹操,32
太史慈,董袭,12
太史慈,张辽,95
太史慈,王朗,12
太史慈,李典,21
太史慈,薛礼,18
太史慈,陈武,25
太史慈,张昭,18
太史慈,陆逊,13
太史慈,周瑜,33
太史慈,白虎,24
太史慈,孙权,67
太史慈,张英,30
太史慈,黄盖,17
太史慈,孙策,258
太史慈,孔明,23
太史慈,宋谦,24
宋忠,伊籍,18
宋忠,曹操,24
张卫,杨昂,11
张卫,曹操,32
张卫,杨任,17
张卫,张飞,12
张卫,马超,21
张卫,夏侯渊,14
张卫,张鲁,29
张卫,庞德,20
韩浩,曹操,11
韩浩,赵云,19
韩浩,黄忠,35
韩浩,孔明,12
韩浩,李典,17
韩浩,夏侯尚,17
张南,赵云,23
张南,周瑜,24
张南,周泰,20
司马懿,曹芳,14
司马懿,马谡,59
司马懿,张嶷,46
司马懿,孟达,111
司马懿,陈泰,13
司马懿,司马师,46
司马懿,司马昭,44
司马懿,蒋济,15
司马懿,诸葛,13
司马懿,李辅,24
司马懿,朱桓,21
司马懿,廖化,25
司马懿,夏侯威,13
司马懿,张翼,31
司马懿,杨仪,13
司马懿,孔明,449
司马懿,尹大目,17
司马懿,张虎,31
司马懿,陆逊,16
司马懿,孙权,16
司马懿,邓贤,19
司马懿,贾逵,27
司马懿,姜维,57
司马懿,桓范,30
司马懿,徐晃,26
司马懿,夏侯霸,41
司马懿,戴陵,23
司马懿,高翔,54
司马懿,公孙渊,26
司马懿,曹真,68
司马懿,曹休,83
司马懿,魏延,73
司马懿,马忠,28
司马懿,孙礼,20
司马懿,全琮,15
司马懿,曹爽,67
司马懿,曹操,17
司马懿,郭淮,49
司马懿,赵云,16
司马懿,秦朗,91
司马懿,陈群,14
司马懿,司马,24
司马懿,王平,98
司马懿,周鲂,24
司马懿,张苞,12
司马懿,申耽,32
司马懿,何晏,16
司马懿,夏侯惠,13
王朗,尹赏,25
王朗,姜维,15
王朗,曹操,15
王朗,郭淮,18
王朗,袁术,16
王朗,孔明,55
王朗,严白虎,19
王朗,太史慈,12
王朗,白虎,47
王朗,孙权,11
王朗,孙策,97
王朗,梁绪,30
王朗,曹真,34
侯成,魏续,65
侯成,宋宪,46
侯成,夏侯渊,14
侯成,张辽,14
侯成,李典,11
侯成,曹操,29
侯成,高顺,22
侯成,吕布,58
曹洪,丁奉,11
曹洪,庞德,29
曹洪,徐盛,11
曹洪,马超,79
曹洪,张辽,14
曹洪,孔明,31
曹洪,许昌,13
曹洪,周泰,11
曹洪,糜夫人,24
曹洪,袁绍,49
曹洪,曹纯,18
曹洪,许褚,40
曹洪,程普,27
曹洪,曹仁,77
曹洪,韩遂,18
曹洪,徐晃,49
曹洪,马腾,26
曹洪,曹后,12
曹洪,曹休,11
曹洪,张飞,30
曹洪,夏侯渊,26
曹洪,曹操,133
曹洪,李典,20
曹洪,陈矫,12
曹洪,赵云,72
曹洪,周瑜,73
曹洪,袁尚,11
张勋,袁术,11
张勋,孙策,15
张勋,吕布,11
陈震,曹操,26
陈震,孙策,33
王楷,袁术,12
王楷,张飞,18
王楷,郝萌,43
王楷,张辽,14
王楷,曹操,18
王楷,许汜,43
王楷,吕布,11
张嶷,吴班,19
张嶷,廖化,38
张嶷,王双,37
张嶷,张翼,29
张嶷,孔明,216
张嶷,马忠,42
张嶷,姜维,43
张嶷,孟获,42
张嶷,曹真,36
张嶷,魏延,67
张嶷,孙礼,21
张嶷,司马懿,46
张嶷,郭淮,18
张嶷,赵云,30
张嶷,秦朗,26
张嶷,王平,87
张嶷,张苞,19
华歆,程普,11
华歆,程昱,15
华歆,曹操,34
华歆,管宁,12
华歆,许昌,16
华歆,周瑜,17
华歆,孙权,15
华歆,孙策,12
夏侯威,司马懿,13
夏侯威,夏侯霸,12
朱灵,许褚,11
朱灵,曹操,27
朱灵,袁术,20
朱灵,马超,11
虞翻,孙策,26
曹性,曹操,12
曹性,高顺,29
曹性,吕布,25
田楷,陶谦,15
孔明,吕凯,54
孔明,蒋钦,20
孔明,庞统,23
孔明,郭淮,103
孔明,蒋琬,63
孔明,伊籍,20
孔明,张辽,14
孔明,司马昭,12
孔明,刘禅,13
孔明,吴懿,49
孔明,孙权,215
孔明,袁绍,36
孔明,马忠,94
孔明,梁绪,55
孔明,邓贤,12
孔明,徐庶,12
孔明,曹仁,78
孔明,曹丕,34
孔明,夏侯霸,12
孔明,太史慈,23
孔明,郝昭,37
孔明,曹休,11
孔明,魏延,422
孔明,韩浩,12
孔明,司马懿,449
孔明,刘度,16
孔明,王朗,55
孔明,曹洪,31
孔明,李严,55
孔明,凌统,23
孔明,张嶷,216
孔明,糜竺,36
孔明,丁奉,30
孔明,诸葛,59
孔明,张鲁,26
孔明,李辅,13
孔明,蒋干,13
孔明,张翼,99
孔明,孙乾,22
孔明,陆逊,34
孔明,马遵,30
孔明,邓芝,74
孔明,徐盛,33
孔明,刘璋,37
孔明,徐晃,25
孔明,张飞,265
孔明,雷铜,14
孔明,曹操,504
孔明,秦朗,117
孔明,戴陵,36
孔明,吕布,18
孔明,刘表,51
孔明,尹赏,46
孔明,马谡,128
孔明,吴班,48
孔明,杨仪,82
孔明,糜芳,14
孔明,曹遵,12
孔明,马超,101
孔明,廖化,64
孔明,王双,58
孔明,曹真,122
孔明,赵范,24
孔明,张虎,27
孔明,孙韶,13
孔明,朱褒,74
孔明,张昭,38
孔明,孙礼,53
孔明,曹纯,28
孔明,许褚,11
孔明,姜维,197
孔明,孟获,325
孔明,吕蒙,17
孔明,刘贤,48
孔明,黄盖,37
孔明,朱赞,12
孔明,李典,11
孔明,张承,11
孔明,周瑜,279
孔明,张苞,102
孔明,严颜,26
孔明,孟达,89
孔明,王伉,12
孔明,司马师,16
孔明,鲁肃,263
孔明,刘封,40
孔明,简雍,15
孔明,安民,25
孔明,袁术,14
孔明,许昌,18
孔明,张温,31
孔明,张任,55
孔明,诸葛瑾,36
孔明,黄忠,120
孔明,顾雍,12
孔明,高翔,40
孔明,夏侯渊,26
孔明,程普,33
孔明,马良,33
孔明,赵云,298
孔明,陈式,22
孔明,孙夫人,14
孔明,李福,23
孔明,司马,18
孔明,王平,312
孔明,夏侯,35
孔明,申耽,12
邓艾,诸葛瞻,20
邓艾,司马望,31
邓艾,邓忠,26
邓艾,蒋斌,16
邓艾,司马昭,60
邓艾,诸葛,12
邓艾,刘禅,14
邓艾,廖化,33
邓艾,张翼,43
邓艾,陈泰,48
邓艾,姜维,186
邓艾,夏侯霸,49
邓艾,贾充,12
邓艾,王含,14
邓艾,司马,11
韦康,马超,20
高览,袁绍,12
高览,曹操,18
陆逊,吴班,11
陆逊,张昭,12
陆逊,丁奉,19
陆逊,朱桓,26
陆逊,孔明,34
陆逊,孙权,45
陆逊,诸葛瑾,21
陆逊,贾逵,27
陆逊,徐盛,38
陆逊,吕蒙,37
陆逊,太史慈,13
陆逊,曹休,58
陆逊,全琮,17
陆逊,马良,33
陆逊,曹操,25
陆逊,司马懿,16
陆逊,周鲂,26
陆逊,张苞,15
陆逊,周泰,28
朱然,潘璋,15
朱然,孙桓,21
朱然,赵累,12
朱然,冯习,12
卓膺,张任,24
卓膺,张飞,12
马遵,尹赏,14
马遵,姜维,24
马遵,赵云,11
马遵,孔明,30
马遵,梁绪,16
崔琰,孙权,18
崔琰,周泰,16
崔琰,曹操,12
刘璋,李严,22
刘璋,庞统,55
刘璋,孟达,16
刘璋,杨怀,31
刘璋,马超,122
刘璋,张鲁,55
刘璋,庞德,14
刘璋,张松,52
刘璋,孔明,37
刘璋,孙权,27
刘璋,张任,22
刘璋,邓贤,13
刘璋,刘封,13
刘璋,黄忠,24
刘璋,王累,21
刘璋,张飞,45
刘璋,刘巴,13
刘璋,魏延,47
刘璋,李恢,12
刘璋,曹操,57
刘璋,赵云,18
刘璋,周瑜,12
曹昂,曹操,12
韩暹,曹操,19
韩暹,袁术,31
韩暹,陈登,16
韩暹,徐晃,13
韩暹,韩融,12
韩暹,董承,17
韩暹,李乐,59
韩暹,杨奉,54
韩暹,吕布,35
雷铜,吴懿,31
雷铜,黄忠,32
雷铜,孔明,14
雷铜,魏延,52
雷铜,张任,64
雷铜,张飞,136
曹操,韦晃,22
曹操,蒋钦,33
曹操,庞统,29
曹操,袁尚,58
曹操,司马昭,13
曹操,崔琰,12
曹操,董卓,58
曹操,宋宪,22
曹操,马延,27
曹操,荀谌,12
曹操,庞德,218
曹操,关羽,14
曹操,糜夫人,28
曹操,孙权,412
曹操,袁绍,408
曹操,曹植,40
曹操,满宠,27
曹操,郭汜,26
曹操,徐庶,48
曹操,张允,27
曹操,刘封,47
曹操,简雍,54
曹操,曹仁,143
曹操,淳于琼,49
曹操,曹丕,76
曹操,陈琳,12
曹操,太后,20
曹操,太史慈,32
曹操,杨奉,35
曹操,鲍信,12
曹操,曹休,22
曹操,魏续,32
曹操,魏延,45
曹操,张邈,18
曹操,杨秋,28
曹操,宋忠,24
曹操,张卫,32
曹操,韩浩,11
曹操,司马懿,17
曹操,陈登,66
曹操,王朗,15
曹操,管辂,12
曹操,侯成,29
曹操,曹洪,133
曹操,陈震,26
曹操,李乐,12
曹操,王楷,18
曹操,华歆,34
曹操,糜竺,76
曹操,丁奉,17
曹操,朱灵,27
曹操,钟繇,19
曹操,曹性,12
曹操,张翼,16
曹操,孙乾,118
曹操,伊籍,25
曹操,孔明,504
曹操,朱光,19
曹操,高览,18
曹操,陆逊,25
曹操,陈宫,106
曹操,张绣,55
曹操,蔡夫人,54
曹操,公孙瓒,42
曹操,袁隗,16
曹操,耿纪,29
曹操,郝萌,30
曹操,徐盛,40
曹操,廖化,22
曹操,张松,36
曹操,曹昂,12
曹操,刘璋,57
曹操,孙观,14
曹操,田丰,27
曹操,蒋奇,13
曹操,张飞,311
曹操,韩暹,19
曹操,吕翔,13
曹操,臧霸,33
曹操,张宝,11
曹操,田氏,15
曹操,周泰,63
曹操,吕布,358
曹操,许贡,12
曹操,刘表,218
曹操,杨任,60
曹操,贾充,14
曹操,糜芳,33
曹操,袁谭,37
曹操,许汜,21
曹操,马超,349
曹操,张杨,17
曹操,纪灵,11
曹操,董承,40
曹操,张昭,78
曹操,马休,18
曹操,陶谦,48
曹操,杨修,50
曹操,吕旷,19
曹操,许褚,273
曹操,凌统,51
曹操,龚都,13
曹操,颜良,73
曹操,薛兰,26
曹操,吕蒙,107
曹操,左慈,15
曹操,黄盖,105
曹操,蒋干,13
曹操,曹彰,36
曹操,张著,12
曹操,李典,105
曹操,何曾,12
曹操,董昭,11
曹操,周瑜,237
曹操,李儒,18
曹操,曹嵩,32
曹操,贾诩,74
曹操,刘辟,25
曹操,张济,24
曹操,韩猛,33
曹操,严颜,11
曹操,孟达,34
曹操,冯礼,15
曹操,郭图,41
曹操,郭嘉,34
曹操,鲁肃,180
曹操,董袭,47
曹操,徐荣,35
曹操,黄祖,20
曹操,诸葛,19
曹操,杨昂,44
曹操,安民,32
曹操,伏后,15
曹操,李封,21
曹操,袁术,135
曹操,张辽,231
曹操,薛综,14
曹操,高顺,50
曹操,许昌,179
曹操,韩遂,135
曹操,张鲁,135
曹操,张任,11
曹操,诸葛瑾,21
曹操,陈武,44
曹操,王威,26
曹操,华雄,55
曹操,应劭,15
曹操,蔡瑁,72
曹操,潘璋,17
曹操,黄忠,90
曹操,徐晃,234
曹操,公孙康,20
曹操,顾雍,31
曹操,马腾,133
曹操,蒯越,34
曹操,夏侯渊,185
曹操,程普,38
曹操,蔡阳,11
曹操,刘晔,34
曹操,李堪,20
曹操,程昱,107
曹操,赵云,206
曹操,孙夫人,15
曹操,司马,37
曹操,孙策,124
曹操,阎圃,22
曹操,樊稠,48
曹操,夏侯,17
郭淮,尹赏,15
郭淮,张嶷,18
郭淮,司马师,11
郭淮,司马昭,18
郭淮,孔明,103
郭淮,梁绪,18
郭淮,陈泰,17
郭淮,姜维,46
郭淮,夏侯霸,11
郭淮,李歆,14
郭淮,高翔,15
郭淮,曹真,51
郭淮,魏延,34
郭淮,孙礼,24
郭淮,司马懿,49
郭淮,赵云,28
郭淮,王朗,18
郭淮,朱赞,14
郭淮,王平,46
郭淮,张苞,24
臧霸,曹操,33
臧霸,吕布,34
张宝,曹操,11
张宝,张飞,18
张宝,皇甫嵩,19
张宝,张梁,26
田氏,许褚,15
田氏,李典,11
田氏,薛兰,12
田氏,曹操,15
田氏,李封,12
田氏,高顺,12
田氏,陈宫,18
田氏,吕布,42
夏侯尚,韩浩,17
夏侯尚,刘封,12
夏侯尚,黄忠,75
夏侯尚,孟达,13
夏侯尚,夏侯渊,24
夏侯尚,陈式,15
刘表,吴夫人,12
刘表,袁尚,21
刘表,黄盖,17
刘表,鲁肃,12
刘表,简雍,21
刘表,黄祖,46
刘表,蒯良,23
刘表,蔡瑁,88
刘表,袁术,32
刘表,孙乾,42
刘表,张昭,13
刘表,张绣,66
刘表,孙权,39
刘表,袁绍,80
刘表,孙坚,66
刘表,蔡夫人,24
刘表,袁谭,17
刘表,程普,14
刘表,孔明,51
刘表,蒯越,18
刘表,曹操,218
刘表,赵云,21
刘表,桓阶,12
刘表,周瑜,12
刘表,孙策,34
刘表,贾诩,24
刘表,刘辟,11
刘表,吕布,36
尹赏,郭淮,15
尹赏,梁绪,31
尹赏,曹真,20
尹赏,王朗,25
尹赏,马遵,14
尹赏,姜维,19
尹赏,孔明,46
马谡,司马懿,59
马谡,蒋琬,17
马谡,孟达,13
马谡,孟获,16
马谡,孔明,128
马谡,高翔,27
马谡,王平,55
马谡,司马昭,13
马谡,魏延,17
糜芳,曹操,33
糜芳,简雍,24
糜芳,曹仁,18
糜芳,吕蒙,15
糜芳,糜竺,18
糜芳,孙乾,11
糜芳,孔明,14
糜芳,赵云,14
糜芳,袁绍,12
糜芳,张飞,43
糜芳,马忠,25
马超,孟达,15
马超,梁兴,31
马超,姜叙,48
马超,杨氏,12
马超,刘封,11
马超,张鲁,124
马超,朱灵,11
马超,孙乾,19
马超,杨任,12
马超,孔明,101
马超,李蒙,48
马超,曹彰,12
马超,韩遂,339
马超,孙权,13
马超,庞德,219
马超,杨修,19
马超,尹奉,38
马超,许褚,129
马超,张卫,21
马超,王方,16
马超,韦康,20
马超,曹丕,21
马超,刘璋,122
马超,徐晃,52
马超,马腾,38
马超,张飞,455
马超,夏侯渊,93
马超,魏延,107
马超,杨秋,81
马超,钟繇,24
马超,赵昂,38
马超,李堪,61
马超,曹操,349
马超,赵云,32
马超,梁宽,16
马超,曹洪,79
马超,侯选,15
马超,樊稠,40
马超,贾诩,43
朱桓,贾逵,63
朱桓,全琮,36
朱桓,曹休,115
朱桓,徐盛,22
朱桓,司马懿,21
朱桓,陆逊,26
朱桓,周鲂,57
廖化,司马昭,13
廖化,庞德,16
廖化,王双,15
廖化,张翼,44
廖化,孔明,64
廖化,姜维,68
廖化,邓艾,33
廖化,徐晃,12
廖化,张嶷,38
廖化,曹真,11
廖化,曹操,22
廖化,司马懿,25
廖化,魏延,19
廖化,王平,30
唐妃,太后,16
唐妃,李儒,12
吕范,赵云,13
吕范,周瑜,15
吕范,孙权,16
管宁,华歆,12
曹纯,曹洪,18
曹纯,周瑜,41
曹纯,曹仁,31
曹纯,孔明,28
姜维,尹赏,19
姜维,张嶷,43
姜维,贾充,12
姜维,梁绪,26
姜维,蒋斌,14
姜维,司马师,29
姜维,司马昭,68
姜维,诸葛,16
姜维,刘禅,14
姜维,廖化,68
姜维,王双,15
姜维,曹真,27
姜维,张翼,76
姜维,杨仪,41
姜维,孔明,197
姜维,司马望,25
姜维,马忠,12
姜维,陈泰,32
姜维,马遵,24
姜维,邓艾,186
姜维,夏侯霸,56
姜维,王含,12
姜维,魏延,66
姜维,司马懿,57
姜维,赵云,20
姜维,郭淮,46
姜维,蒋舒,12
姜维,王朗,15
姜维,秦朗,13
姜维,王平,34
姜维,徐质,14
姜维,张苞,38
龚都,曹操,13
孟获,诸葛,15
孟获,吕凯,23
孟获,赵云,42
孟获,马谡,16
孟获,张翼,12
孟获,蒋琬,14
孟获,张嶷,42
孟获,孔明,325
孟获,王平,55
孟获,马忠,26
孟获,魏延,52
曹羲,曹爽,12
吕蒙,蒋钦,19
吕蒙,凌统,54
吕蒙,糜芳,15
吕蒙,丁奉,13
吕蒙,鲁肃,33
吕蒙,董袭,29
吕蒙,黄祖,18
吕蒙,张辽,53
吕蒙,孔明,17
吕蒙,朱光,20
吕蒙,陆逊,37
吕蒙,孙权,168
吕蒙,诸葛瑾,16
吕蒙,陈武,21
吕蒙,徐盛,33
吕蒙,潘璋,20
吕蒙,徐晃,17
吕蒙,黄盖,19
吕蒙,曹操,107
吕蒙,李典,25
吕蒙,周瑜,31
吕蒙,周泰,33
刘贤,马良,12
刘贤,张飞,18
刘贤,伊籍,12
刘贤,刘度,24
刘贤,孔明,48
黄盖,刘表,17
黄盖,蒋钦,11
黄盖,鲁肃,17
黄盖,黄祖,15
黄盖,袁术,11
黄盖,张辽,20
黄盖,孔明,37
黄盖,孙权,17
黄盖,孙坚,20
黄盖,刘繇,11
黄盖,华雄,11
黄盖,徐晃,12
黄盖,袁绍,14
黄盖,吕蒙,19
黄盖,太史慈,17
黄盖,程普,24
黄盖,曹操,105
黄盖,周瑜,64
黄盖,张英,14
黄盖,孙策,27
朱治,孙策,15
司马炎,何曾,12
司马炎,贾充,17
黄琬,马腾,13
徐质,司马昭,17
徐质,姜维,14
刘辟,刘表,11
刘辟,曹操,25
刘辟,简雍,12
刘辟,孙乾,21
刘辟,袁绍,24
刘辟,张飞,16
韩猛,张辽,12
韩猛,曹操,33
韩猛,徐晃,41
曹爽,蒋济,12
曹爽,李胜,58
曹爽,司马懿,67
曹爽,太后,12
曹爽,夏侯霸,18
曹爽,尹大目,12
曹爽,曹羲,12
曹爽,桓范,24
曹爽,司马师,13
曹爽,公孙渊,12
曹爽,何晏,34
孟达,马谡,13
孟达,严颜,14
孟达,司马昭,14
孟达,马超,15
孟达,李辅,34
孟达,张松,12
孟达,孔明,89
孟达,邓贤,26
孟达,刘封,72
孟达,黄忠,49
孟达,曹丕,23
孟达,刘璋,16
孟达,徐晃,67
孟达,张飞,14
孟达,曹操,34
孟达,司马懿,111
孟达,赵云,24
孟达,夏侯尚,13
孟达,申耽,44
韩玄,黄忠,81
韩玄,魏延,19
董衡,庞德,32
王子服,董承,13
蒋济,徐盛,14
蒋济,司马懿,15
蒋济,曹爽,12
蒋济,曹丕,16
董袭,曹操,47
董袭,陈武,15
董袭,徐盛,19
董袭,凌统,32
董袭,张辽,32
董袭,李典,22
董袭,吕蒙,29
董袭,太史慈,12
董袭,孙权,52
董袭,孙策,28
董袭,周泰,25
徐荣,董卓,14
徐荣,曹操,35
徐荣,曹仁,14
徐荣,李儒,14
徐荣,吕布,28
黄祖,程普,17
黄祖,刘表,46
黄祖,曹操,20
黄祖,陈生,12
黄祖,苏飞,24
黄祖,桓阶,12
黄祖,张昭,11
黄祖,吕蒙,18
黄祖,周瑜,13
黄祖,孙权,32
黄祖,孙坚,19
黄祖,黄盖,15
黄祖,孙策,17
王方,韩遂,22
王方,樊稠,15
王方,马超,16
王方,马腾,11
王方,郭汜,16
王方,李蒙,26
安民,孔明,25
安民,赵范,18
安民,孙权,15
安民,张飞,29
安民,曹操,32
安民,赵云,19
安民,吕布,19
高顺,许褚,15
高顺,简雍,13
高顺,曹操,50
高顺,李封,12
高顺,袁术,15
高顺,曹性,29
高顺,张辽,22
高顺,李典,19
高顺,郝萌,13
高顺,侯成,22
高顺,薛兰,12
高顺,糜竺,12
高顺,陈宫,27
高顺,田氏,12
高顺,张飞,11
高顺,魏续,13
高顺,夏侯渊,22
高顺,吕布,117
张任,吴懿,144
张任,曹操,11
张任,赵云,35
张任,张翼,16
张任,黄忠,133
张任,刘璋,22
张任,孔明,55
张任,卓膺,24
张任,严颜,30
张任,张飞,221
张任,魏延,126
张任,雷铜,64
雷薄,袁术,23
雷薄,孙策,14
王累,张松,14
王累,刘璋,21
董超,庞德,29
马腾,许褚,26
马腾,王方,11
马腾,曹操,133
马腾,马休,28
马腾,李蒙,28
马腾,董承,12
马腾,许昌,33
马腾,韩遂,41
马腾,孙权,11
马腾,黄琬,13
马腾,曹洪,26
马腾,徐晃,14
马腾,樊稠,21
马腾,马超,38
马腾,夏侯渊,28
曹真,尹赏,20
曹真,张嶷,36
曹真,廖化,11
曹真,王双,19
曹真,曹遵,12
曹真,孔明,122
曹真,孙韶,12
曹真,孙权,17
曹真,梁绪,24
曹真,姜维,27
曹真,徐盛,14
曹真,曹丕,22
曹真,曹休,16
曹真,魏延,24
曹真,孙礼,26
曹真,刘晔,11
曹真,司马懿,68
曹真,郭淮,51
曹真,赵云,21
曹真,王朗,34
曹真,朱赞,20
曹真,陈群,12
曹真,王平,35
曹真,张苞,24
马良,黄忠,14
马良,孔明,33
马良,陆逊,33
马良,刘贤,12
马良,魏延,19
夏侯,曹操,17
夏侯,黄忠,19
夏侯,孔明,35
申耽,司马懿,32
申耽,孟达,44
申耽,孔明,12
申耽,徐晃,18
申耽,李辅,13
夏侯渊,孔明,26
夏侯渊,张鲁,41
夏侯渊,庞德,49
夏侯渊,李封,12
夏侯渊,马超,93
夏侯渊,杨任,46
夏侯渊,张辽,23
夏侯渊,高顺,22
夏侯渊,蔡琰,18
夏侯渊,韩遂,17
夏侯渊,陈宫,13
夏侯渊,袁绍,13
夏侯渊,许褚,52
夏侯渊,曹仁,17
夏侯渊,黄忠,137
夏侯渊,徐晃,32
夏侯渊,马腾,28
夏侯渊,杨昂,35
夏侯渊,薛兰,12
夏侯渊,陈式,19
夏侯渊,张飞,21
夏侯渊,张卫,14
夏侯渊,法正,16
夏侯渊,曹操,185
夏侯渊,赵云,13
夏侯渊,李典,32
夏侯渊,侯成,14
夏侯渊,曹洪,26
夏侯渊,夏侯尚,24
夏侯渊,吕布,57
夏侯玄,司马师,16
庞德,董衡,32
庞德,姜叙,11
庞德,马超,219
庞德,张鲁,116
庞德,廖化,16
庞德,钟繇,12
庞德,杨任,12
庞德,夏侯渊,49
庞德,韩遂,111
庞德,孙权,35
庞德,许褚,36
庞德,梁兴,11
庞德,刘璋,14
庞德,董超,29
庞德,徐晃,41
庞德,成何,13
庞德,魏延,15
庞德,杨秋,26
庞德,张卫,20
庞德,李堪,21
庞德,曹操,218
庞德,陈武,16
庞德,曹洪,29
庞德,阎圃,18
庞德,周泰,24
庞德,贾诩,25
吴懿,赵云,17
吴懿,黄忠,61
吴懿,严颜,17
吴懿,孔明,49
吴懿,张任,144
吴懿,张飞,111
吴懿,魏延,52
吴懿,雷铜,31
李蒙,张济,12
李蒙,韩遂,56
李蒙,樊稠,36
李蒙,马超,48
李蒙,马腾,28
李蒙,郭汜,24
李蒙,王方,26
李蒙,贾诩,14
张邈,曹操,18
张邈,吕布,40
李恢,刘璋,12
曹仁,蒋钦,16
曹仁,凌统,15
曹仁,糜芳,18
曹仁,丁奉,23
曹仁,孔明,78
曹仁,鲁肃,15
曹仁,张辽,12
曹仁,徐荣,14
曹仁,许昌,22
曹仁,陈宫,11
曹仁,孙权,21
曹仁,袁绍,24
曹仁,曹纯,31
曹仁,许褚,47
曹仁,刘封,29
曹仁,徐盛,31
曹仁,张飞,20
曹仁,夏侯渊,17
曹仁,程普,64
曹仁,刘晔,15
曹仁,曹操,143
曹仁,赵云,19
曹仁,周泰,19
曹仁,李典,58
曹仁,陈矫,21
曹仁,周瑜,164
曹仁,曹洪,77
曹仁,孙策,13
曹仁,吕布,42
淳于琼,曹操,49
淳于琼,袁绍,61
曹丕,孟达,23
曹丕,蒋济,16
曹丕,刘封,29
曹丕,曹真,22
曹丕,马超,21
曹丕,张辽,11
曹丕,孔明,34
曹丕,曹彰,33
曹丕,许昌,12
曹丕,孙韶,42
曹丕,孙权,45
曹丕,曹植,29
曹丕,杨修,25
曹丕,许褚,33
曹丕,徐盛,57
曹丕,徐晃,15
曹丕,贾充,12
曹丕,张飞,30
曹丕,刘晔,16
曹丕,曹操,76
曹丕,何曾,12
曹丕,贾诩,14
郝昭,孔明,37
鲍信,曹操,12
鲍信,樊稠,16
曹休,朱桓,115
曹休,贾逵,144
曹休,全琮,81
曹休,曹操,22
曹休,徐盛,60
曹休,韦晃,11
曹休,周鲂,130
曹休,司马懿,83
曹休,孔明,11
曹休,徐晃,11
曹休,耿纪,16
曹休,陆逊,58
曹休,曹洪,11
曹休,诸葛瑾,18
曹休,曹真,16
曹休,满宠,16
邓忠,诸葛瞻,13
邓忠,邓艾,26
李胜,曹爽,58
李胜,何晏,19
周旨,张悌,12
李肃,董卓,41
李肃,王允,12
李肃,华雄,15
李肃,牛辅,14
李肃,李儒,13
李肃,吕布,41
诸葛绪,杨欣,16
应劭,曹嵩,18
应劭,陶谦,21
应劭,曹操,15
范疆,孙权,11
范疆,张飞,13
范疆,张达,12
丁奉,蒋钦,18
丁奉,诸葛,13
丁奉,鲁肃,13
丁奉,孔明,30
丁奉,陆逊,19
丁奉,曹仁,23
丁奉,徐盛,60
丁奉,曹洪,11
丁奉,吕蒙,13
丁奉,程普,12
丁奉,曹操,17
丁奉,赵云,27
丁奉,周瑜,70
丁奉,周泰,12
樊氏,赵范,27
樊氏,张飞,12
樊氏,赵云,24
李辅,孔明,13
李辅,孟达,34
李辅,申耽,13
李辅,司马懿,24
李辅,徐晃,14
庞德公,孙乾,12
张翼,张嶷,29
张翼,司马昭,18
张翼,廖化,44
张翼,孔明,99
张翼,马忠,24
张翼,陈泰,17
张翼,姜维,76
张翼,邓艾,43
张翼,孟获,12
张翼,徐晃,12
张翼,夏侯霸,23
张翼,王平,58
张翼,张任,16
张翼,张飞,13
张翼,魏延,41
张翼,黄忠,24
张翼,曹操,16
张翼,司马懿,31
张翼,赵云,53
张翼,戴陵,16
朱光,吕蒙,20
朱光,曹操,19
王含,邓艾,14
王含,姜维,12
张绣,刘表,66
张绣,曹操,55
张绣,孙策,11
张绣,贾诩,32
张绣,吕布,19
袁隗,曹操,16
袁隗,袁术,12
袁隗,华雄,33
袁隗,公孙瓒,13
袁隗,袁绍,16
贾逵,朱桓,63
贾逵,全琮,45
贾逵,曹休,144
贾逵,徐盛,27
贾逵,司马懿,27
贾逵,陆逊,27
贾逵,周鲂,72
孙观,曹操,14
孙观,陈宫,14
孙观,吕布,25
王双,廖化,15
王双,姜维,15
王双,张嶷,37
王双,孔明,58
王双,王平,20
王双,曹真,19
王双,张苞,12
王双,魏延,24
王双,孙礼,15
田丰,曹操,27
田丰,袁绍,22
蒋奇,袁绍,16
蒋奇,曹操,13
王伉,孔明,12
桓阶,黄祖,12
桓阶,刘表,12
薛礼,刘繇,21
薛礼,张英,11
薛礼,孙策,37
薛礼,太史慈,18
顾雍,曹操,31
顾雍,孔明,12
顾雍,张昭,19
顾雍,孙权,28
周泰,蒋钦,25
周泰,丁奉,12
周泰,董袭,25
周泰,庞德,24
周泰,崔琰,16
周泰,张昭,11
周泰,陆逊,28
周泰,孙权,89
周泰,程普,11
周泰,曹仁,19
周泰,徐盛,31
周泰,潘璋,16
周泰,张南,20
周泰,吕蒙,33
周泰,曹操,63
周泰,陈武,47
周泰,周瑜,59
周泰,曹洪,11
周泰,孙策,40
许贡,孙策,24
许贡,曹操,12
吉邈,王必,14
吉邈,耿纪,12
吴班,黄忠,15
吴班,张嶷,19
吴班,孔明,48
吴班,陆逊,11
吴班,王平,20
吴班,张苞,12
吴班,魏延,18
王允,张济,12
王允,董卓,73
王允,蔡邕,12
王允,牛辅,28
王允,李肃,12
王允,樊稠,12
王允,郭汜,35
王允,胡赤儿,12
王允,吕布,45
袁谭,吕旷,12
袁谭,刘表,17
袁谭,曹操,37
袁谭,袁绍,32
袁谭,袁尚,57
袁谭,郭图,34
伏德,李乐,28
张杨,曹操,17
张杨,杨奉,13
张杨,李乐,20
张杨,吕布,40
张松,曹操,36
张松,庞统,11
张松,刘璋,52
张松,王累,14
张松,孟达,12
张松,张鲁,23
法正,黄忠,35
法正,夏侯渊,16
王匡,吕布,30
赵范,张飞,39
赵范,安民,18
赵范,赵云,79
赵范,孔明,24
赵范,樊氏,27
夏侯惠,司马懿,13
孙韶,徐盛,35
孙韶,曹丕,42
孙韶,孔明,13
孙韶,孙权,16
孙韶,曹真,12
张昭,刘表,13
张昭,鲁肃,22
张昭,黄祖,11
张昭,孔明,38
张昭,陆逊,12
张昭,孙权,92
张昭,周瑜,31
张昭,顾雍,19
张昭,太史慈,18
张昭,曹操,78
张昭,周泰,11
张昭,孙策,24
孙礼,王双,15
孙礼,郭淮,24
孙礼,司马懿,20
孙礼,张嶷,21
孙礼,孔明,53
孙礼,张虎,18
孙礼,王平,14
孙礼,曹真,26
孙礼,张苞,14
孙礼,魏延,13
韩当,华雄,11
许褚,孔明,11
许褚,刘封,26
许褚,张鲁,29
许褚,朱灵,11
许褚,李封,20
许褚,袁术,21
许褚,马超,129
许褚,杨任,15
许褚,张辽,47
许褚,高顺,15
许褚,许昌,12
许褚,曹植,15
许褚,韩遂,26
许褚,陈宫,22
许褚,孙权,13
许褚,袁绍,42
许褚,庞德,36
许褚,杨修,25
许褚,曹仁,47
许褚,曹丕,33
许褚,徐晃,53
许褚,曹洪,40
许褚,马腾,26
许褚,薛兰,20
许褚,张飞,72
许褚,夏侯渊,52
许褚,曹彰,20
许褚,刘晔,17
许褚,程昱,22
许褚,杨昂,15
许褚,曹操,273
许褚,赵云,13
许褚,李典,41
许褚,田氏,15
许褚,吕布,72
韩忠,赵弘,15
韩忠,皇甫嵩,25
卢植,董卓,17
颜良,曹操,73
颜良,华雄,11
颜良,张辽,14
颜良,公孙瓒,15
颜良,袁绍,49
颜良,张飞,14
颜良,程昱,13
曹德,曹嵩,12
曹德,陶谦,14
左慈,曹操,15
曹彰,许褚,20
曹彰,刘封,12
曹彰,曹操,36
曹彰,曹丕,33
曹彰,曹植,14
曹彰,张飞,20
曹彰,马超,12
曹彰,杨修,20
张悌,诸葛靓,14
张悌,沈莹,20
张悌,周旨,12
王基,文钦,13
王基,司马师,12
王基,诸葛,15
霍峻,严颜,19
霍峻,黄忠,17
苏飞,黄祖,24
邓芝,张苞,30
邓芝,赵云,143
邓芝,孔明,74
邓芝,张温,27
邓芝,魏延,11
周瑜,刘表,12
周瑜,蒋钦,42
周瑜,庞统,14
周瑜,糜竺,25
周瑜,孙瑜,20
周瑜,太史慈,33
周瑜,凌统,32
周瑜,丁奉,70
周瑜,鲁肃,186
周瑜,黄祖,13
周瑜,蒋干,28
周瑜,张辽,11
周瑜,孔明,279
周瑜,吕范,15
周瑜,韩遂,11
周瑜,张昭,31
周瑜,孙权,111
周瑜,曹纯,41
周瑜,蔡瑁,20
周瑜,曹仁,164
周瑜,徐盛,93
周瑜,潘璋,19
周瑜,文聘,12
周瑜,刘璋,12
周瑜,吕蒙,31
周瑜,白虎,11
周瑜,黄盖,64
周瑜,张飞,19
周瑜,程普,157
周瑜,张南,24
周瑜,程昱,12
周瑜,曹操,237
周瑜,赵云,62
周瑜,周泰,59
周瑜,华歆,17
周瑜,孙夫人,30
周瑜,陈矫,35
周瑜,曹洪,73
周瑜,孙策,55
曹嵩,应劭,18
曹嵩,曹德,12
曹嵩,陈宫,12
曹嵩,陶谦,42
曹嵩,曹操,32
贾诩,刘表,24
贾诩,张济,13
贾诩,马超,43
贾诩,庞德,25
贾诩,李蒙,14
贾诩,韩遂,50
贾诩,张绣,32
贾诩,袁绍,14
贾诩,郭汜,23
贾诩,曹丕,14
贾诩,杨秋,12
贾诩,曹操,74
贾诩,樊稠,17
贾诩,吕布,23
张济,董卓,19
张济,曹操,24
张济,王允,12
张济,牛辅,15
张济,贾诩,13
张济,李蒙,12
张济,韩遂,18
张济,樊稠,51
张济,郭汜,32
张济,吕布,22
诸葛瞻,邓艾,20
诸葛瞻,邓忠,13
蔡邕,蔡琰,12
蔡邕,王允,12
蔡邕,牛辅,21
蔡邕,董卓,26
蔡邕,吕布,29
姜叙,赵昂,16
姜叙,尹奉,16
姜叙,马超,48
姜叙,庞德,11
司马师,夏侯玄,16
司马师,文钦,26
司马师,司马昭,40
司马师,诸葛,24
司马师,孔明,16
司马师,魏延,12
司马师,陈泰,13
司马师,姜维,29
司马师,太后,55
司马师,夏侯霸,20
司马师,胡遵,13
司马师,王基,12
司马师,曹爽,13
司马师,司马懿,46
司马师,郭淮,11
司马师,司马,20
刘氏,甄氏,11
桓范,曹爽,24
桓范,司马懿,30
伏后,曹操,15
张温,邓芝,27
张温,孔明,31
诸葛瑾,诸葛,11
诸葛瑾,曹休,18
诸葛瑾,张辽,11
诸葛瑾,孔明,36
诸葛瑾,陆逊,21
诸葛瑾,孙权,41
诸葛瑾,吕蒙,16
诸葛瑾,曹操,21
子春,管辂,12
王威,蒯越,11
王威,蔡夫人,16
王威,曹操,26
王威,蔡瑁,14
华雄,袁绍,33
华雄,祖茂,31
华雄,孙坚,18
华雄,黄盖,11
华雄,袁隗,33
华雄,关羽,11
华雄,韩当,11
华雄,董卓,26
华雄,张飞,11
华雄,公孙瓒,44
华雄,颜良,11
华雄,曹操,55
华雄,韩馥,11
华雄,李肃,15
华雄,袁术,45
华雄,李儒,11
华雄,程普,12
华雄,吕布,11
潘璋,程普,11
潘璋,黄忠,29
潘璋,蒋钦,12
潘璋,曹操,17
潘璋,徐盛,11
潘璋,朱然,15
潘璋,张苞,11
潘璋,吕蒙,20
潘璋,周瑜,19
潘璋,孙权,20
潘璋,陈武,11
潘璋,周泰,16
黄忠,李严,25
黄忠,吴班,15
黄忠,庞统,44
黄忠,严颜,69
黄忠,孟达,49
黄忠,韩玄,81
黄忠,张著,26
黄忠,冯习,15
黄忠,法正,35
黄忠,吴懿,61
黄忠,张翼,24
黄忠,孔明,120
黄忠,蔡琰,24
黄忠,张任,133
黄忠,杨修,13
黄忠,邓贤,14
黄忠,刘封,45
黄忠,潘璋,29
黄忠,刘璋,24
黄忠,徐晃,49
黄忠,张飞,120
黄忠,夏侯渊,137
黄忠,魏延,194
黄忠,雷铜,32
黄忠,韩浩,35
黄忠,霍峻,17
黄忠,马良,14
黄忠,曹操,90
黄忠,赵云,137
黄忠,王平,13
黄忠,张苞,22
黄忠,夏侯,19
黄忠,陈式,30
黄忠,夏侯尚,75
司马孚,太后,11
何太后,董太后,24
何太后,袁绍,12
何太后,张让,19
何太后,太后,21
孙高,徐氏,16
蔡阳,张飞,21
蔡阳,曹操,11
胡遵,司马师,13
王必,董承,14
王必,吉邈,14
王必,耿纪,42
王必,韦晃,21
曹后,曹洪,12
王平,马谡,55
王平,吴班,20
王平,张嶷,87
王平,司马昭,11
王平,廖化,30
王平,王双,20
王平,张翼,58
王平,孔明,312
王平,马忠,36
王平,姜维,34
王平,孟获,55
王平,徐晃,30
王平,高翔,41
王平,曹真,35
王平,魏延,92
王平,孙礼,14
王平,黄忠,13
王平,司马懿,98
王平,郭淮,46
王平,赵云,66
王平,秦朗,26
王平,张苞,20
王平,戴陵,12
樊稠,张济,51
樊稠,董卓,19
樊稠,王方,15
樊稠,曹操,48
樊稠,王允,12
樊稠,牛辅,15
樊稠,贾诩,17
樊稠,李蒙,36
樊稠,马腾,21
樊稠,韩遂,58
樊稠,鲍信,16
樊稠,马超,40
樊稠,郭汜,39
樊稠,吕布,22
吕凯,孟获,23
吕凯,孔明,54
冯习,黄忠,15
冯习,孙桓,17
冯习,朱然,12
冯习,张苞,17
陈兰,袁术,16
董卓,张济,19
董卓,王允,73
董卓,蔡邕,26
董卓,徐荣,14
董卓,袁术,19
董卓,牛辅,50
董卓,胡赤儿,21
董卓,袁绍,43
董卓,孙坚,23
董卓,郭汜,22
董卓,华雄,26
董卓,卢植,17
董卓,皇甫嵩,11
董卓,张飞,26
董卓,曹操,58
董卓,李肃,41
董卓,公孙瓒,26
董卓,李儒,61
董卓,樊稠,19
董卓,吕布,244
马延,曹操,27
马延,赵云,24
马延,徐晃,16
关羽,曹操,14
关羽,华雄,11
关羽,张飞,12
杨彪,李乐,14
孙权,蒋钦,17
孙权,吕蒙,168
孙权,庞统,11
孙权,张辽,210
孙权,庞德,35
孙权,崔琰,18
孙权,曹仁,21
孙权,薛悌,18
孙权,曹丕,45
孙权,太史慈,67
孙权,谷利,18
孙权,司马懿,16
孙权,王朗,11
孙权,凌统,95
孙权,华歆,15
孙权,诸葛,18
孙权,张鲁,13
孙权,孔明,215
孙权,陆逊,45
孙权,徐盛,64
孙权,刘璋,27
孙权,张飞,24
孙权,曹操,412
孙权,周泰,89
孙权,刘表,39
孙权,马超,13
孙权,吕范,16
孙权,孙韶,16
孙权,张昭,92
孙权,许褚,13
孙权,范疆,11
孙权,袁绍,31
孙权,黄盖,17
孙权,宋谦,36
孙权,李典,73
孙权,周瑜,111
孙权,张苞,11
孙权,鲁肃,111
孙权,董袭,52
孙权,黄祖,32
孙权,安民,15
孙权,许昌,25
孙权,诸葛瑾,41
孙权,陈武,66
孙权,潘璋,20
孙权,徐晃,11
孙权,顾雍,28
孙权,马腾,11
孙权,曹真,17
孙权,程普,35
孙权,刘晔,22
孙权,程昱,13
孙权,赵云,28
孙权,孙夫人,26
孙权,孙策,53
袁绍,刘表,80
袁绍,糜芳,12
袁绍,糜竺,20
袁绍,郭图,47
袁绍,郭嘉,18
袁绍,孔明,36
袁绍,蒋奇,16
袁绍,袁谭,32
袁绍,董卓,43
袁绍,袁术,51
袁绍,孙乾,61
袁绍,韩馥,15
袁绍,张辽,51
袁绍,许昌,35
袁绍,董太后,12
袁绍,高览,12
袁绍,孙坚,24
袁绍,袁隗,16
袁绍,许褚,42
袁绍,孙权,31
袁绍,简雍,38
袁绍,颜良,49
袁绍,蔡瑁,18
袁绍,曹仁,24
袁绍,华雄,33
袁绍,淳于琼,61
袁绍,陈琳,15
袁绍,徐晃,36
袁绍,何太后,12
袁绍,黄盖,14
袁绍,田丰,22
袁绍,太后,24
袁绍,张飞,26
袁绍,夏侯渊,13
袁绍,程昱,28
袁绍,曹操,408
袁绍,赵云,61
袁绍,张让,16
袁绍,刘辟,24
袁绍,李典,17
袁绍,公孙瓒,86
袁绍,李儒,12
袁绍,曹洪,49
袁绍,孙策,21
袁绍,袁尚,37
袁绍,贾诩,14
袁绍,吕布,80
马忠,姜维,12
马忠,张苞,12
马忠,司马懿,28
马忠,赵云,20
马忠,张翼,24
马忠,秦朗,26
马忠,张嶷,42
马忠,孔明,94
马忠,糜芳,25
马忠,王平,36
马忠,孟获,26
马忠,魏延,26
郭汜,张济,32
郭汜,董卓,22
郭汜,王方,16
郭汜,曹操,26
郭汜,王允,35
郭汜,李蒙,24
郭汜,牛辅,15
郭汜,董承,14
郭汜,韩遂,20
郭汜,李乐,34
郭汜,杨奉,26
郭汜,樊稠,39
郭汜,贾诩,23
郭汜,吕布,30
徐庶,程昱,22
徐庶,曹操,48
徐庶,孔明,12
徐庶,许昌,14
尹奉,赵昂,17
尹奉,马超,38
尹奉,姜叙,16
刘封,庞统,21
刘封,孟达,72
刘封,马超,11
刘封,孔明,40
刘封,杨修,15
刘封,许褚,26
刘封,曹仁,29
刘封,黄忠,45
刘封,曹丕,29
刘封,刘璋,13
刘封,徐晃,27
刘封,张飞,30
刘封,魏延,24
刘封,曹彰,12
刘封,曹操,47
刘封,赵云,23
刘封,夏侯尚,12
薛悌,孙权,18
薛悌,凌统,14
薛悌,张辽,18
陈宫,许褚,22
陈宫,孙观,14
陈宫,程昱,12
陈宫,曹操,106
陈宫,曹仁,11
陈宫,李封,18
陈宫,袁术,33
陈宫,张飞,27
陈宫,陈登,28
陈宫,高顺,27
陈宫,李典,12
陈宫,薛兰,20
陈宫,糜竺,21
陈宫,田氏,18
陈宫,曹嵩,12
陈宫,陶谦,15
陈宫,夏侯渊,13
陈宫,吕布,176
夏侯霸,陈泰,23
夏侯霸,姜维,56
夏侯霸,郭淮,11
夏侯霸,司马懿,41
夏侯霸,邓艾,49
夏侯霸,曹爽,18
夏侯霸,张翼,23
夏侯霸,孔明,12
夏侯霸,司马师,20
夏侯霸,司马昭,20
夏侯霸,夏侯威,12
樊能,孙策,16
杨奉,李乐,82
杨奉,张杨,13
杨奉,曹操,35
杨奉,袁术,21
杨奉,徐晃,30
杨奉,韩融,15
杨奉,董承,31
杨奉,韩暹,54
杨奉,郭汜,26
杨奉,吕布,29
白虎,孙策,103
白虎,凌操,16
白虎,严白虎,18
白虎,周瑜,11
白虎,太史慈,24
白虎,王朗,47
刘巴,刘璋,13
魏续,宋宪,44
魏续,曹操,32
魏续,张辽,12
魏续,高顺,13
魏续,侯成,65
魏续,张飞,14
魏续,吕布,66
谷利,孙权,18
谷利,凌统,14
谷利,张辽,18
刘度,刘贤,24
刘度,孔明,16
梁宽,马超,16
管辂,曹操,12
管辂,子春,12
郝萌,王楷,43
郝萌,张飞,21
郝萌,张辽,20
郝萌,曹操,30
郝萌,袁术,15
郝萌,高顺,13
郝萌,许汜,50
郝萌,吕布,25
徐氏,孙高,16
徐氏,傅婴,16
凌统,曹操,51
凌统,曹仁,15
凌统,徐盛,27
凌统,薛悌,14
凌统,张辽,91
凌统,孔明,23
凌统,李典,55
凌统,吕蒙,54
凌统,周瑜,32
凌统,孙权,95
凌统,董袭,32
凌统,谷利,14
蒋舒,姜维,12
张鲁,马超,124
张鲁,庞德,116
张鲁,张松,23
张鲁,杨昂,19
张鲁,杨任,28
张鲁,孔明,26
张鲁,孙权,13
张鲁,许褚,29
张鲁,刘璋,55
张鲁,张飞,55
张鲁,夏侯渊,41
张鲁,张卫,29
张鲁,曹操,135
张鲁,赵云,19
张鲁,阎圃,20
刘勋,孙策,12
张承,孔明,11
刘协,吕布,12
孙桓,冯习,17
孙桓,朱然,21
孙桓,李异,28
孙桓,张苞,40
公孙瓒,董卓,26
公孙瓒,袁术,20
公孙瓒,韩馥,21
公孙瓒,袁绍,86
公孙瓒,袁隗,13
公孙瓒,华雄,44
公孙瓒,颜良,15
公孙瓒,张飞,19
公孙瓒,曹操,42
公孙瓒,赵云,39
公孙瓒,吕布,46
胡才,李乐,28
梁兴,韩遂,34
梁兴,马超,31
梁兴,庞德,11
梁兴,杨秋,11
李歆,郭淮,14
赵累,朱然,12
张飞,徐晃,13
张飞,王楷,18
张飞,严颜,236
张飞,曹豹,26
张飞,张达,12
张飞,糜芳,43
张飞,张卫,12
张飞,糜竺,70
张飞,许汜,21
张飞,樊氏,12
张飞,孔明,265
张飞,刘封,30
张飞,简雍,30
张飞,张鲁,55
张飞,董卓,26
张飞,安民,29
张飞,宋宪,14
张飞,吴懿,111
张飞,袁术,44
张飞,张翼,13
张飞,孙乾,72
张飞,张辽,51
张飞,高顺,11
张飞,纪灵,28
张飞,魏延,327
张飞,赵范,39
张飞,关羽,12
张飞,马超,455
张飞,糜夫人,13
张飞,陈宫,27
张飞,袁绍,26
张飞,张任,221
张飞,曹植,15
张飞,杨修,25
张飞,雷铜,136
张飞,华雄,11
张飞,许褚,72
张飞,曹操,311
张飞,曹仁,20
张飞,黄忠,120
张飞,颜良,14
张飞,曹丕,30
张飞,刘璋,45
张飞,卓膺,12
张飞,曹洪,30
张飞,曹彰,20
张飞,孙权,24
张飞,孟达,14
张飞,刘贤,18
张飞,魏续,14
张飞,夏侯渊,21
张飞,范疆,13
张飞,蔡阳,21
张飞,赵云,151
张飞,陈登,27
张飞,张宝,18
张飞,李典,29
张飞,公孙瓒,19
张飞,郝萌,21
张飞,周瑜,19
张飞,刘辟,16
张飞,吕布,205
甄氏,刘氏,11
陈式,黄忠,30
陈式,孔明,22
陈式,夏侯渊,19
陈式,魏延,15
陈式,夏侯尚,15
吕布,刘表,36
吕布,张济,22
吕布,王楷,11
吕布,王允,45
吕布,臧霸,34
吕布,张超,28
吕布,糜竺,48
吕布,许汜,12
吕布,郭嘉,20
吕布,孔明,18
吕布,徐荣,28
吕布,胡赤儿,24
吕布,张杨,40
吕布,张勋,11
吕布,董卓,244
吕布,安民,19
吕布,宋宪,54
吕布,李封,49
吕布,袁术,162
吕布,魏续,66
吕布,曹性,25
吕布,孙乾,30
吕布,王匡,30
吕布,牛辅,56
吕布,张辽,79
吕布,高顺,117
吕布,刘协,12
吕布,纪灵,68
吕布,陈宫,176
吕布,张绣,19
吕布,袁绍,80
吕布,韩胤,31
吕布,陶谦,18
吕布,郭汜,30
吕布,华雄,11
吕布,许褚,72
吕布,蔡邕,29
吕布,庞舒,15
吕布,简雍,11
吕布,曹仁,42
吕布,孙观,25
吕布,薛兰,54
吕布,杨奉,29
吕布,徐晃,21
吕布,孙策,13
吕布,张飞,205
吕布,韩暹,35
吕布,夏侯渊,57
吕布,张邈,40
吕布,程昱,27
吕布,刘晔,25
吕布,曹操,358
吕布,陈登,51
吕布,曹豹,22
吕布,李肃,41
吕布,李典,43
吕布,公孙瓒,46
吕布,郝萌,25
吕布,侯成,58
吕布,李儒,53
吕布,田氏,42
吕布,樊稠,22
吕布,贾诩,23
孙瑜,周瑜,20
张著,赵云,24
张著,黄忠,26
张著,曹操,12
张著,徐晃,12
许汜,王楷,43
许汜,袁术,14
许汜,张飞,21
许汜,郝萌,50
许汜,张辽,16
许汜,曹操,21
许汜,吕布,12
蒯良,孙坚,16
蒯良,刘表,23
蒯良,蔡瑁,11
凌操,孙策,16
凌操,白虎,16
杨任,张卫,17
杨任,马超,12
杨任,许褚,15
杨任,杨昂,49
杨任,夏侯渊,46
杨任,张鲁,28
杨任,曹操,60
杨任,庞德,12
张虎,司马懿,31
张虎,孔明,27
张虎,魏延,16
张虎,孙礼,18
马休,马腾,28
马休,曹操,18
杨修,蔡琰,12
杨修,许褚,25
杨修,曹操,50
杨修,黄忠,13
杨修,曹丕,25
杨修,曹植,15
杨修,马超,19
杨修,张飞,25
杨修,刘封,15
杨修,曹彰,20
韦晃,王必,21
韦晃,曹休,11
韦晃,耿纪,47
韦晃,曹操,22
宋谦,孙权,36
宋谦,张辽,44
宋谦,太史慈,24
赵昂,尹奉,17
赵昂,马超,38
赵昂,姜叙,16
耿纪,董承,12
耿纪,王必,42
耿纪,曹休,16
耿纪,曹操,29
耿纪,吉邈,12
耿纪,韦晃,47
张英,刘繇,43
张英,黄盖,14
张英,孙策,58
张英,薛礼,11
张英,太史慈,30
张苞,吴班,12
张苞,张嶷,19
张苞,冯习,17
张苞,李异,49
张苞,孔明,102
张苞,陆逊,15
张苞,孙权,11
张苞,马忠,12
张苞,姜维,38
张苞,邓芝,30
张苞,潘璋,11
张苞,孙桓,40
张苞,黄忠,22
张苞,曹真,24
张苞,魏延,18
张苞,孙礼,14
张苞,司马懿,12
张苞,郭淮,24
张苞,赵云,68
张苞,王双,12
张苞,王平,20
董祀,蔡琰,12
诸葛靓,张悌,14
严颜,霍峻,19
严颜,曹操,11
严颜,吴懿,17
严颜,赵云,12
严颜,黄忠,69
严颜,孟达,14
严颜,孔明,26
严颜,张任,30
严颜,张飞,236
严颜,魏延,16
张超,吕布,28
袁术,刘表,32
袁术,王楷,12
袁术,糜竺,15
袁术,许汜,14
袁术,孔明,14
袁术,陈兰,16
袁术,王朗,16
袁术,朱灵,20
袁术,董卓,19
袁术,高顺,15
袁术,纪灵,49
袁术,陈宫,33
袁术,袁绍,51
袁术,孙坚,19
袁术,韩胤,17
袁术,袁隗,12
袁术,许褚,21
袁术,雷薄,23
袁术,华雄,45
袁术,杨奉,21
袁术,黄盖,11
袁术,张飞,44
袁术,韩暹,31
袁术,程昱,13
袁术,曹操,135
袁术,陈登,20
袁术,公孙瓒,20
袁术,郝萌,15
袁术,孙策,52
袁术,张勋,11
袁术,吕布,162
张达,张飞,12
张达,范疆,12
张辽,吕蒙,53
张辽,韩猛,12
张辽,王楷,14
张辽,太史慈,95
张辽,凌统,91
张辽,袁尚,19
张辽,许汜,16
张辽,孔明,14
张辽,董袭,32
张辽,许昌,15
张辽,高顺,22
张辽,孙权,210
张辽,袁绍,51
张辽,薛悌,18
张辽,许褚,47
张辽,周瑜,11
张辽,曹仁,12
张辽,徐盛,27
张辽,颜良,14
张辽,曹丕,11
张辽,徐晃,80
张辽,黄盖,20
张辽,张飞,51
张辽,魏续,12
张辽,宋谦,44
张辽,谷利,18
张辽,夏侯渊,23
张辽,诸葛瑾,11
张辽,程普,13
张辽,刘晔,13
张辽,程昱,15
张辽,曹操,231
张辽,李典,117
张辽,郝萌,20
张辽,侯成,14
张辽,曹洪,14
张辽,吕布,79
秦朗,王平,26
秦朗,孔明,117
秦朗,马忠,26
秦朗,张嶷,26
秦朗,姜维,13
秦朗,司马懿,91
薛综,曹操,14
许昌,华歆,16
许昌,张辽,15
许昌,孔明,18
许昌,孙权,25
许昌,袁绍,35
许昌,徐庶,14
许昌,许褚,12
许昌,曹仁,22
许昌,曹丕,12
许昌,马腾,33
许昌,程昱,17
许昌,曹操,179
许昌,李典,14
许昌,曹洪,13
许昌,孙策,50
王美人,董太后,12
蔡琰,董祀,12
蔡琰,黄忠,24
蔡琰,蔡邕,12
蔡琰,夏侯渊,18
蔡琰,杨修,12
蔡瑁,蒯良,11
蔡瑁,刘表,88
蔡瑁,张允,28
蔡瑁,曹操,72
蔡瑁,赵云,29
蔡瑁,孙乾,22
蔡瑁,伊籍,27
蔡瑁,魏延,16
蔡瑁,周瑜,20
蔡瑁,袁绍,18
蔡瑁,孙坚,30
蔡瑁,蔡夫人,39
蔡瑁,蒯越,33
蔡瑁,王威,14
张角,皇甫嵩,13
皇甫嵩,董卓,11
皇甫嵩,韩忠,25
皇甫嵩,张角,13
皇甫嵩,张宝,19
皇甫嵩,赵弘,15
皇甫嵩,张梁,14
公孙康,郭嘉,20
公孙康,袁尚,50
公孙康,曹操,20
严白虎,孙策,47
严白虎,王朗,19
严白虎,白虎,18
成何,庞德,13
蒯越,孙坚,24
蒯越,刘表,18
蒯越,蔡夫人,16
蒯越,王威,11
蒯越,曹操,34
蒯越,蔡瑁,33
张让,太后,20
张让,董太后,24
张让,袁绍,16
张让,何太后,19
何仪,何曼,12
孙策,许贡,24
孙策,刘表,34
孙策,蒋钦,15
孙策,华歆,12
孙策,郭嘉,12
孙策,董袭,28
孙策,黄祖,17
孙策,袁术,52
孙策,刘勋,12
孙策,凌操,16
孙策,纪灵,14
孙策,许昌,50
孙策,张昭,24
孙策,张绣,11
孙策,孙权,53
孙策,袁绍,21
孙策,孙坚,11
孙策,陈武,38
孙策,刘繇,190
孙策,曹仁,13
孙策,雷薄,14
孙策,严白虎,47
孙策,樊能,16
孙策,太史慈,258
孙策,白虎,103
孙策,黄盖,27
孙策,张勋,15
孙策,程普,89
孙策,曹操,124
孙策,周泰,40
孙策,朱治,15
孙策,王朗,97
孙策,薛礼,37
孙策,周瑜,55
孙策,司马,14
孙策,张英,58
孙策,陈震,33
孙策,孙匡,12
孙策,虞翻,26
孙策,吕布,13
周鲂,朱桓,57
周鲂,贾逵,72
周鲂,曹休,130
周鲂,陆逊,26
周鲂,徐盛,25
周鲂,司马懿,24
周鲂,全琮,41
李福,杨仪,16
李福,孔明,23
蒋钦,曹操,33
蒋钦,曹仁,16
蒋钦,徐盛,22
蒋钦,潘璋,12
蒋钦,孔明,20
蒋钦,吕蒙,19
蒋钦,周瑜,42
蒋钦,丁奉,18
蒋钦,孙权,17
蒋钦,黄盖,11
蒋钦,孙策,15
蒋钦,陈武,19
蒋钦,周泰,25
沈莹,张悌,20
袁尚,吕旷,12
袁尚,刘表,21
袁尚,曹操,58
袁尚,公孙康,50
袁尚,郭嘉,14
袁尚,张辽,19
袁尚,徐晃,19
袁尚,曹洪,11
袁尚,袁谭,57
袁尚,郭图,30
袁尚,袁绍,37
刘禅,姜维,14
刘禅,孔明,13
刘禅,邓艾,14
梁绪,郭淮,18
梁绪,尹赏,31
梁绪,马遵,16
梁绪,曹真,24
梁绪,王朗,30
梁绪,姜维,26
梁绪,孔明,55
满宠,曹休,16
满宠,曹操,27
满宠,徐晃,13
邓贤,司马懿,19
邓贤,黄忠,14
邓贤,刘璋,13
邓贤,孔明,12
邓贤,孟达,26
邓贤,魏延,22
陈琳,曹操,12
陈琳,袁绍,15
吴夫人,刘表,12
陈生,黄祖,12
魏延,马谡,17
魏延,吴班,18
魏延,庞统,60
魏延,严颜,16
魏延,张嶷,67
魏延,韩玄,19
魏延,司马师,12
魏延,诸葛,13
魏延,马超,107
魏延,庞德,15
魏延,廖化,19
魏延,王双,24
魏延,吴懿,52
魏延,张翼,41
魏延,孔明,422
魏延,张虎,16
魏延,朱褒,12
魏延,张任,126
魏延,马忠,26
魏延,邓贤,22
魏延,刘封,24
魏延,蔡瑁,16
魏延,姜维,66
魏延,邓芝,11
魏延,黄忠,194
魏延,刘璋,47
魏延,孟获,52
魏延,高翔,34
魏延,曹真,24
魏延,张飞,327
魏延,孙礼,13
魏延,雷铜,52
魏延,马良,19
魏延,曹操,45
魏延,司马懿,73
魏延,郭淮,34
魏延,赵云,106
魏延,王平,92
魏延,张苞,18
魏延,陈式,15
魏延,杨仪,96
杨秋,梁兴,11
杨秋,韩遂,87
杨秋,李堪,21
杨秋,马超,81
杨秋,贾诩,12
杨秋,曹操,28
杨秋,庞德,26
刘繇,程普,40
刘繇,陈武,18
刘繇,薛礼,21
刘繇,太史慈,145
刘繇,黄盖,11
刘繇,孙策,190
刘繇,张英,43
全琮,朱桓,36
全琮,贾逵,45
全琮,周鲂,41
全琮,曹休,81
全琮,陆逊,17
全琮,徐盛,16
全琮,司马懿,15
陈登,曹操,66
陈登,袁术,20
陈登,糜竺,18
陈登,陈宫,28
陈登,张飞,27
陈登,韩暹,16
陈登,陶谦,15
陈登,吕布,51
曹豹,张飞,26
曹豹,吕布,22
陈矫,程普,17
陈矫,曹仁,21
陈矫,周瑜,35
陈矫,曹洪,12
曹芳,司马懿,14
李乐,张杨,20
李乐,董承,59
李乐,胡才,28
李乐,韩暹,59
李乐,杨彪,14
李乐,尚弘,14
李乐,伏德,28
李乐,郭汜,34
李乐,曹操,12
李乐,杨奉,82
李乐,韩融,42
李严,黄忠,25
李严,刘璋,22
李严,孔明,55
文钦,王基,13
文钦,诸葛,21
文钦,司马师,26
文钦,司马昭,20
蒋斌,邓艾,16
蒋斌,姜维,14
糜竺,糜芳,18
糜竺,孔明,36
糜竺,袁术,15
糜竺,孙乾,35
糜竺,高顺,12
糜竺,纪灵,12
糜竺,陈宫,21
糜竺,袁绍,20
糜竺,陶谦,24
糜竺,简雍,41
糜竺,张飞,70
糜竺,曹操,76
糜竺,赵云,38
糜竺,陈登,18
糜竺,周瑜,25
糜竺,吕布,48
诸葛,文钦,21
诸葛,孙峻,49
诸葛,司马师,24
诸葛,丁奉,13
诸葛,司马昭,48
诸葛,孔明,59
诸葛,孙权,18
诸葛,诸葛瑾,11
诸葛,姜维,16
诸葛,邓艾,12
诸葛,孟获,15
诸葛,太后,19
诸葛,魏延,13
诸葛,王基,15
诸葛,曹操,19
诸葛,司马懿,13
傅婴,徐氏,16
钟繇,曹操,19
钟繇,马超,24
钟繇,庞德,12
孙乾,刘表,42
孙乾,糜芳,11
孙乾,糜竺,35
孙乾,孔明,22
孙乾,马超,19
孙乾,庞统,11
孙乾,袁绍,61
孙乾,简雍,37
孙乾,蔡瑁,22
孙乾,张飞,72
孙乾,曹操,118
孙乾,庞德公,12
孙乾,赵云,36
孙乾,刘辟,21
孙乾,吕布,30
伊籍,宋忠,18
伊籍,曹操,25
伊籍,蔡瑁,27
伊籍,孔明,20
伊籍,刘贤,12
韩胤,袁术,17
韩胤,吕布,31
蔡夫人,刘表,24
蔡夫人,张允,11
蔡夫人,蔡瑁,39
蔡夫人,曹操,54
蔡夫人,蒯越,16
蔡夫人,王威,16
徐盛,蒋钦,22
徐盛,凌统,27
徐盛,丁奉,60
徐盛,蒋济,14
徐盛,鲁肃,17
徐盛,董袭,19
徐盛,朱桓,22
徐盛,张辽,27
徐盛,孔明,33
徐盛,孙韶,35
徐盛,陆逊,38
徐盛,孙权,64
徐盛,陈武,21
徐盛,贾逵,27
徐盛,曹仁,31
徐盛,全琮,16
徐盛,潘璋,11
徐盛,曹丕,57
徐盛,徐晃,13
徐盛,吕蒙,33
徐盛,曹真,14
徐盛,曹休,60
徐盛,程普,12
徐盛,刘晔,15
徐盛,周鲂,25
徐盛,曹操,40
徐盛,赵云,43
徐盛,李典,14
徐盛,孙夫人,23
徐盛,周瑜,93
徐盛,曹洪,11
徐盛,周泰,31
韩融,董承,12
韩融,韩暹,12
韩融,李乐,42
韩融,杨奉,15
贾充,曹操,14
贾充,姜维,12
贾充,邓艾,12
贾充,曹丕,12
贾充,司马炎,17
贾充,何曾,16
贾充,司马,14
贾充,司马昭,47
公孙渊,曹爽,12
公孙渊,司马懿,26
吕翔,吕旷,38
吕翔,曹操,13
赵弘,皇甫嵩,15
赵弘,韩忠,15
陈群,曹真,12
陈群,司马懿,14
戴陵,王平,12
戴陵,张翼,16
戴陵,孔明,36
戴陵,司马懿,23
杨氏,马超,12
曹髦,司马昭,11
牛辅,王允,28
牛辅,张济,15
牛辅,蔡邕,21
牛辅,董卓,50
牛辅,樊稠,15
牛辅,郭汜,15
牛辅,胡赤儿,21
牛辅,李肃,14
牛辅,吕布,56
韩馥,华雄,11
韩馥,公孙瓒,21
韩馥,袁绍,15
程武,赵云,17
纪灵,曹操,11
纪灵,袁术,49
纪灵,糜竺,12
纪灵,孙策,14
纪灵,张飞,28
纪灵,吕布,68
董承,李乐,59
董承,曹操,40
董承,韩融,12
董承,王必,14
董承,马腾,12
董承,耿纪,12
董承,王子服,13
董承,杨奉,31
董承,韩暹,17
董承,郭汜,14
朱褒,魏延,12
朱褒,孔明,74
张梁,皇甫嵩,14
张梁,张宝,26
孙坚,程普,12
孙坚,黄祖,19
孙坚,蒯良,16
孙坚,董卓,23
孙坚,蔡瑁,30
孙坚,袁术,19
孙坚,刘表,66
孙坚,祖茂,20
孙坚,华雄,18
孙坚,蒯越,24
孙坚,袁绍,24
孙坚,黄盖,20
孙坚,孙策,11
陶谦,应劭,21
陶谦,曹操,48
陶谦,陈登,15
陶谦,田楷,15
陶谦,曹德,14
陶谦,糜竺,24
陶谦,陈宫,15
陶谦,曹嵩,42
陶谦,吕布,18
吕旷,吕翔,38
吕旷,曹操,19
吕旷,袁尚,12
吕旷,袁谭,12
祖茂,孙坚,20
祖茂,华雄,31
尚弘,李乐,14
侯选,韩遂,16
侯选,马超,15
薛兰,李典,12
薛兰,田氏,12
薛兰,陈宫,20
薛兰,许褚,20
薛兰,夏侯渊,12
薛兰,曹操,26
薛兰,李封,18
薛兰,高顺,12
薛兰,吕布,54
荀谌,曹操,12
程昱,华歆,15
程昱,郭嘉,12
程昱,袁术,13
程昱,张辽,15
程昱,许昌,17
程昱,陈宫,12
程昱,孙权,13
程昱,袁绍,28
程昱,徐庶,22
程昱,许褚,22
程昱,周瑜,12
程昱,颜良,13
程昱,曹操,107
程昱,赵云,20
程昱,李典,11
程昱,吕布,27
冯礼,曹操,15
朱赞,郭淮,14
朱赞,孔明,12
朱赞,曹真,20
李典,吕蒙,25
李典,凌统,55
李典,孔明,11
李典,董袭,22
李典,李封,12
李典,张辽,117
李典,高顺,19
李典,许昌,14
李典,陈宫,12
李典,孙权,73
李典,袁绍,17
李典,许褚,41
李典,赵云,37
李典,曹仁,58
李典,徐盛,14
李典,徐晃,21
李典,曹洪,20
李典,薛兰,12
李典,太史慈,21
李典,张飞,29
李典,夏侯渊,32
李典,韩浩,17
李典,刘晔,12
李典,程昱,11
李典,曹操,105
李典,侯成,11
李典,田氏,11
李典,吕布,43
杨欣,诸葛绪,16
何曼,何仪,12
何曾,司马炎,12
何曾,曹丕,12
何曾,曹操,12
何曾,贾充,16
董昭,曹操,11
李儒,董卓,61
李儒,曹操,18
李儒,华雄,11
李儒,唐妃,12
李儒,徐荣,14
李儒,李肃,13
李儒,太后,16
李儒,袁绍,12
李儒,吕布,53
孙匡,孙策,12
何晏,曹爽,34
何晏,李胜,19
何晏,司马懿,16
孙峻,诸葛,49
李异,孙桓,28
李异,张苞,49
郭图,曹操,41
郭图,袁尚,30
郭图,袁绍,47
郭图,袁谭,34
郭嘉,袁尚,14
郭嘉,程昱,12
郭嘉,曹操,34
郭嘉,公孙康,20
郭嘉,袁绍,18
郭嘉,孙策,12
郭嘉,吕布,20
鲁肃,刘表,12
鲁肃,吕蒙,33
鲁肃,丁奉,13
鲁肃,孔明,263
鲁肃,张昭,22
鲁肃,孙权,111
鲁肃,曹仁,15
鲁肃,徐盛,17
鲁肃,黄盖,17
鲁肃,程普,12
鲁肃,曹操,180
鲁肃,周瑜,186
杨昂,张卫,11
杨昂,许褚,15
杨昂,杨任,49
杨昂,夏侯渊,35
杨昂,张鲁,19
杨昂,曹操,44
李封,李典,12
李封,田氏,12
李封,陈宫,18
李封,许褚,20
李封,夏侯渊,12
李封,薛兰,18
李封,曹操,21
李封,高顺,12
李封,吕布,49
曹遵,曹真,12
曹遵,孔明,12
韩遂,王方,22
韩遂,张济,18
韩遂,许褚,26
韩遂,曹操,135
韩遂,李蒙,56
韩遂,徐晃,21
韩遂,庞德,111
韩遂,马腾,41
韩遂,梁兴,34
韩遂,侯选,16
韩遂,周瑜,11
韩遂,杨秋,87
韩遂,曹洪,18
韩遂,李堪,68
韩遂,樊稠,58
韩遂,马超,339
韩遂,夏侯渊,17
韩遂,贾诩,50
韩遂,郭汜,20
胡赤儿,王允,12
胡赤儿,董卓,21
胡赤儿,牛辅,21
胡赤儿,吕布,24
董太后,袁绍,12
董太后,王美人,12
董太后,张让,24
董太后,何太后,24
董太后,太后,15
陈武,蒋钦,19
陈武,刘繇,18
陈武,曹操,44
陈武,徐盛,21
陈武,潘璋,11
陈武,吕蒙,21
陈武,太史慈,25
陈武,孙权,66
陈武,庞德,16
陈武,孙策,38
陈武,董袭,15
陈武,周泰,47
陈泰,姜维,32
陈泰,郭淮,17
陈泰,司马懿,13
陈泰,邓艾,48
陈泰,张翼,17
陈泰,夏侯霸,23
陈泰,司马师,13
杨怀,庞统,38
杨怀,刘璋,31
庞舒,吕布,15
文聘,周瑜,12
徐晃,韩猛,41
徐晃,孟达,67
徐晃,袁尚,19
徐晃,马超,52
徐晃,廖化,12
徐晃,张翼,12
徐晃,马延,16
徐晃,张辽,80
徐晃,孔明,25
徐晃,韩遂,21
徐晃,孙权,11
徐晃,袁绍,36
徐晃,李辅,14
徐晃,庞德,41
徐晃,满宠,13
徐晃,许褚,53
徐晃,徐盛,13
徐晃,黄忠,49
徐晃,曹丕,15
徐晃,马腾,14
徐晃,吕蒙,17
徐晃,杨奉,30
徐晃,刘封,27
徐晃,黄盖,12
徐晃,曹休,11
徐晃,张飞,13
徐晃,韩暹,13
徐晃,夏侯渊,32
徐晃,曹操,234
徐晃,司马懿,26
徐晃,张著,12
徐晃,李典,21
徐晃,赵云,100
徐晃,曹洪,49
徐晃,王平,30
徐晃,申耽,18
徐晃,吕布,21
高翔,马谡,27
高翔,司马懿,54
高翔,郭淮,15
高翔,孔明,40
高翔,王平,41
高翔,魏延,34
程普,刘表,14
程普,华歆,11
程普,丁奉,12
程普,鲁肃,12
程普,黄祖,17
程普,张辽,13
程普,孔明,33
程普,孙权,35
程普,孙坚,12
程普,曹仁,64
程普,徐盛,12
程普,潘璋,11
程普,华雄,12
程普,太史慈,72
程普,黄盖,24
程普,刘繇,40
程普,曹操,38
程普,陈矫,17
程普,周瑜,157
程普,曹洪,27
程普,孙策,89
程普,周泰,11
刘晔,许褚,17
刘晔,曹操,34
刘晔,曹仁,15
刘晔,徐盛,15
刘晔,曹丕,16
刘晔,张辽,13
刘晔,李典,12
刘晔,孙权,22
刘晔,曹真,11
刘晔,吕布,25
李堪,庞德,21
李堪,韩遂,68
李堪,马超,61
李堪,曹操,20
李堪,杨秋,21
赵云,刘表,21
赵云,曹真,21
赵云,严颜,12
赵云,孟达,24
赵云,张嶷,30
赵云,糜芳,14
赵云,张著,24
赵云,司马懿,16
赵云,糜竺,38
赵云,丁奉,27
赵云,樊氏,24
赵云,刘封,23
赵云,吕范,13
赵云,程武,17
赵云,安民,19
赵云,吴懿,17
赵云,邓芝,143
赵云,马超,32
赵云,张翼,53
赵云,马延,24
赵云,孙乾,36
赵云,郭淮,28
赵云,孔明,298
赵云,赵范,79
赵云,糜夫人,110
赵云,张鲁,19
赵云,孙权,28
赵云,袁绍,61
赵云,张任,35
赵云,马忠,20
赵云,许褚,13
赵云,马遵,11
赵云,简雍,31
赵云,蔡瑁,29
赵云,曹仁,19
赵云,徐盛,43
赵云,黄忠,137
赵云,刘璋,18
赵云,孟获,42
赵云,徐晃,100
赵云,姜维,20
赵云,张飞,151
赵云,夏侯渊,13
赵云,魏延,106
赵云,韩浩,19
赵云,张南,23
赵云,程昱,20
赵云,曹操,206
赵云,李典,37
赵云,孙夫人,31
赵云,公孙瓒,39
赵云,周瑜,62
赵云,曹洪,72
赵云,王平,66
赵云,张苞,68
杨仪,姜维,41
杨仪,司马懿,13
杨仪,蒋琬,16
杨仪,孔明,82
杨仪,太后,12
杨仪,魏延,96
杨仪,李福,16
孙夫人,曹操,15
孙夫人,徐盛,23
孙夫人,赵云,31
孙夫人,孔明,14
孙夫人,周瑜,30
孙夫人,孙权,26
蒋干,曹操,13
蒋干,孔明,13
蒋干,周瑜,28
司马,司马师,20
司马,司马昭,14
司马,孔明,18
司马,邓艾,11
司马,贾充,14
司马,曹操,37
司马,司马懿,24
司马,孙策,14
阎圃,曹操,22
阎圃,庞德,18
阎圃,张鲁,20
